CUS001;4.6.6.6
CUS002;2.3.5.1
CUS052;12.3.15.1
CUS003;12.3.15.23
CUS004;12.3.15.24
CUS005;12.3.15.25
CUS006;12.3.15.26
CUS007;12.3.15.27
CUS008;12.3.15.28
CUS009;12.3.15.29
CUS010;12.3.15.30
CUS011;12.3.15.31
CUS012;12.3.15.32
CUS013;12.3.15.33
CUS014;12.3.15.34
CUS015;12.3.15.35
CUS016;12.3.15.36
CUS017;12.3.15.37
CUS018;12.3.15.38
CUS019;12.3.15.39
CUS020;12.3.15.40
CUS021;12.3.15.41
CUS022;12.3.15.42
CUS023;12.3.15.43
CUS024;12.3.15.44
CUS025;12.3.15.45
CUS026;12.3.15.46
CUS027;12.3.15.47
CUS028;12.3.15.48
CUS029;12.3.15.49
CUS030;12.3.15.50
CUS031;12.3.15.51
CUS032;12.3.15.52
CUS033;12.3.15.53
CUS034;12.3.15.54
CUS035;12.3.15.55
CUS036;12.3.15.56
CUS037;12.3.15.57
CUS038;12.3.15.58
CUS039;12.3.15.59
CUS040;12.3.15.60
CUS041;12.3.15.61
CUS042;12.3.15.62
CUS043;12.3.15.63
CUS044;12.3.15.64
CUS045;12.3.15.65
CUS046;12.3.15.66
CUS047;12.3.15.67
CUS048;12.3.15.68
CUS049;12.3.15.69
CUS050;12.3.15.70
CUS051;12.3.15.71
CUS052;12.3.15.72
CUS053;12.3.15.73
CUS054;12.3.15.74
CUS055;12.3.15.75
CUS056;12.3.15.76
CUS057;12.3.15.77
CUS058;12.3.15.78
CUS059;12.3.15.79
CUS060;12.3.15.80
CUS061;12.3.15.81
CUS062;12.3.15.82
CUS063;12.3.15.83
CUS064;12.3.15.84
CUS065;12.3.15.85
CUS066;12.3.15.86
CUS067;12.3.15.87
CUS068;12.3.15.88
CUS069;12.3.15.89
CUS070;12.3.15.90
CUS071;12.3.15.91
CUS072;12.3.15.92
CUS073;12.3.15.93
CUS074;12.3.15.94
CUS075;12.3.15.95
CUS076;12.3.15.96
CUS077;12.3.15.97
CUS078;12.3.15.98
CUS079;12.3.15.99
CUS080;12.3.15.100
CUS081;12.3.15.101
CUS082;12.3.15.102
CUS083;12.3.15.103
CUS084;12.3.15.104
CUS085;12.3.15.105
CUS086;12.3.15.106
CUS087;12.3.15.107
CUS088;12.3.15.108
CUS089;12.3.15.109
CUS090;12.3.15.110
CUS091;12.3.15.111
CUS092;12.3.15.112
CUS093;12.3.15.113
CUS094;12.3.15.114
CUS095;12.3.15.115
CUS096;12.3.15.116
CUS097;12.3.15.117
CUS098;12.3.15.118
CUS099;12.3.15.119
CUS100;12.3.15.120
CUS101;12.3.15.121
CUS102;12.3.15.122
CUS103;12.3.15.123
CUS104;12.3.15.124
CUS105;12.3.15.125
CUS106;12.3.15.126
CUS107;12.3.15.127
CUS108;12.3.15.128
CUS109;12.3.15.129
CUS110;12.3.15.130
CUS111;12.3.15.131
CUS112;12.3.15.132
CUS113;12.3.15.133
CUS114;12.3.15.134
CUS115;12.3.15.135
CUS116;12.3.15.136
CUS117;12.3.15.137
CUS118;12.3.15.138
CUS119;12.3.15.139
CUS120;12.3.15.140
CUS121;12.3.15.141
CUS122;12.3.15.142
CUS123;12.3.15.143
CUS124;12.3.15.144
CUS125;12.3.15.145
CUS126;12.3.15.146
CUS127;12.3.15.147
CUS128;12.3.15.148
CUS129;12.3.15.149
CUS130;12.3.15.150
CUS131;12.3.15.151
CUS132;12.3.15.152
CUS133;12.3.15.153
CUS134;12.3.15.154
CUS135;12.3.15.155
CUS136;12.3.15.156
CUS137;12.3.15.157
CUS138;12.3.15.158
CUS139;12.3.15.159
CUS140;12.3.15.160
CUS141;12.3.15.161
CUS142;12.3.15.162
CUS143;12.3.15.163
CUS144;12.3.15.164
CUS145;12.3.15.165
CUS146;12.3.15.166
CUS147;12.3.15.167
CUS148;12.3.15.168
CUS149;12.3.15.169
CUS150;12.3.15.170
CUS151;12.3.15.171
CUS152;12.3.15.172
CUS153;12.3.15.173
CUS154;12.3.15.174
CUS155;12.3.15.175
CUS156;12.3.15.176
CUS157;12.3.15.177
CUS158;12.3.15.178
CUS159;12.3.15.179
CUS160;12.3.15.180
CUS161;12.3.15.181
CUS162;12.3.15.182
CUS163;12.3.15.183
CUS164;12.3.15.184
CUS165;12.3.15.185
CUS166;12.3.15.186
CUS167;12.3.15.187
CUS168;12.3.15.188
CUS169;12.3.15.189
CUS170;12.3.15.190
CUS171;12.3.15.191
CUS172;12.3.15.192
CUS173;12.3.15.193
CUS174;12.3.15.194
CUS175;12.3.15.195
CUS176;12.3.15.196
CUS177;12.3.15.197
CUS178;12.3.15.198
CUS179;12.3.15.199
CUS180;12.3.15.200
CUS181;12.3.15.201
CUS182;12.3.15.202
CUS183;12.3.15.203
CUS184;12.3.15.204
CUS185;12.3.15.205
CUS186;12.3.15.206
CUS187;12.3.15.207
CUS188;12.3.16.2
CUS189;12.3.16.3
CUS190;12.3.16.4
CUS191;12.3.16.5
CUS192;12.3.16.6
CUS193;12.3.16.7
CUS194;12.3.16.8
CUS195;12.3.16.9
CUS196;12.3.16.10
CUS197;12.3.16.11
CUS198;12.3.16.12
CUS199;12.3.16.13
CUS200;12.3.16.14
CUS201;12.3.16.15
CUS202;12.3.16.16
CUS203;12.3.16.17
CUS204;12.3.16.18
CUS205;12.3.16.19
CUS206;12.3.16.20
CUS207;12.3.16.21
CUS208;12.3.16.22
CUS209;12.3.16.23
CUS210;12.3.16.24
CUS211;12.3.16.25
CUS212;12.3.16.26
CUS213;12.3.16.27
CUS214;12.3.16.28
CUS215;12.3.16.29
CUS216;12.3.16.30
CUS217;12.3.16.31
CUS218;12.3.16.32
CUS219;12.3.16.33
CUS220;12.3.16.34
CUS221;12.3.16.35
CUS222;12.3.16.36
CUS223;12.3.16.37
CUS224;12.3.16.38
CUS225;12.3.16.39
CUS226;12.3.16.40
CUS227;12.3.16.41
CUS228;12.3.16.42
CUS229;12.3.16.43
CUS230;12.3.16.44
CUS231;12.3.16.45
CUS232;12.3.16.46
CUS233;12.3.16.47
CUS234;12.3.16.48
CUS235;12.3.16.49
CUS236;12.3.16.50
CUS237;12.3.16.51
CUS238;12.3.16.52
CUS239;12.3.16.53
CUS240;12.3.16.54
CUS241;12.3.16.55
CUS242;12.3.16.56
CUS243;12.3.16.57
CUS244;12.3.16.58
CUS245;12.3.16.59
CUS246;12.3.16.60
CUS247;12.3.16.61
CUS248;12.3.16.62
CUS249;12.3.16.63
CUS250;12.3.16.64
CUS251;12.3.16.65
CUS252;12.3.16.66
CUS253;12.3.16.67
CUS254;12.3.16.68
CUS255;12.3.16.69
CUS256;12.3.16.70
CUS257;12.3.16.71
CUS258;12.3.16.72
CUS259;12.3.16.73
CUS260;12.3.16.74
CUS261;12.3.16.75
CUS262;12.3.16.76
CUS263;12.3.16.77
CUS264;12.3.16.78
CUS265;12.3.16.79
CUS266;12.3.16.80
CUS267;12.3.16.81
CUS268;12.3.16.82
CUS269;12.3.16.83
CUS270;12.3.16.84
CUS271;12.3.16.85
CUS272;12.3.16.86
CUS273;12.3.16.87
CUS274;12.3.16.88
CUS275;12.3.16.89
CUS276;12.3.16.90
CUS277;12.3.16.91
CUS278;12.3.16.92
CUS279;12.3.16.93
CUS280;12.3.16.94
CUS281;12.3.16.95
CUS282;12.3.16.96
CUS283;12.3.16.97
CUS284;12.3.16.98
CUS285;12.3.16.99
CUS286;12.3.16.100
CUS287;12.3.16.101
CUS288;12.3.16.102
CUS289;12.3.16.103
CUS290;12.3.16.104
CUS291;12.3.16.105
CUS292;12.3.16.106
CUS293;12.3.16.107
CUS294;12.3.16.108
CUS295;12.3.16.109
CUS296;12.3.16.110
CUS297;12.3.16.111
CUS298;12.3.16.112
CUS299;12.3.16.113
CUS300;12.3.16.114
CUS301;12.3.16.115
CUS302;12.3.16.116
CUS303;12.3.16.117
CUS304;12.3.16.118
CUS305;12.3.16.119
CUS306;12.3.16.120
CUS307;12.3.16.121
CUS308;12.3.16.122
CUS309;12.3.16.123
CUS310;12.3.16.124
CUS311;12.3.16.125
CUS312;12.3.16.126
CUS313;12.3.16.127
CUS314;12.3.16.128
CUS315;12.3.16.129
CUS316;12.3.16.130
CUS317;12.3.16.131
CUS318;12.3.16.132
CUS319;12.3.16.133
CUS320;12.3.16.134
CUS321;12.3.16.135
CUS322;12.3.16.136
CUS323;12.3.16.137
CUS324;12.3.16.138
CUS325;12.3.16.139
CUS326;12.3.16.140
CUS327;12.3.16.141
CUS328;12.3.16.142
CUS329;12.3.16.143
CUS330;12.3.16.144
CUS331;12.3.16.145
CUS332;12.3.16.146
CUS333;12.3.16.147
CUS334;12.3.16.148
CUS335;12.3.16.149
CUS336;12.3.16.150
CUS337;12.3.16.151
CUS338;12.3.16.152
CUS339;12.3.16.153
CUS340;12.3.16.154
CUS341;12.3.16.155
CUS342;12.3.16.156
CUS343;12.3.16.157
CUS344;12.3.16.158
CUS345;12.3.16.159
CUS346;12.3.16.160
CUS347;12.3.16.161
CUS348;12.3.16.162
CUS349;12.3.16.163
CUS350;12.3.16.164
CUS351;12.3.16.165
CUS352;12.3.16.166
CUS353;12.3.16.167
CUS354;12.3.16.168
CUS355;12.3.16.169
CUS356;12.3.16.170
CUS357;12.3.16.171
CUS358;12.3.16.172
CUS359;12.3.16.173
CUS360;12.3.16.174
CUS361;12.3.16.175
CUS362;12.3.16.176
CUS363;12.3.16.177
CUS364;12.3.16.178
CUS365;12.3.16.179
CUS366;12.3.16.180
CUS367;12.3.16.181
CUS368;12.3.16.182
CUS369;12.3.16.183
CUS370;12.3.16.184
CUS371;12.3.16.185
CUS372;12.3.16.186
CUS373;12.3.16.187
CUS374;12.3.16.188
CUS375;12.3.16.189
CUS376;12.3.16.190
CUS377;12.3.16.191
CUS378;12.3.16.192
CUS379;12.3.16.193
CUS380;12.3.16.194
CUS381;12.3.16.195
CUS382;12.3.16.196
CUS383;12.3.16.197
CUS384;12.3.16.198
CUS385;12.3.16.199
CUS386;12.3.16.200
CUS387;12.3.16.201
CUS388;12.3.16.202
CUS389;12.3.16.203
CUS390;12.3.16.204
CUS391;12.3.16.205
CUS392;12.3.16.206
CUS393;12.3.16.207
CUS394;12.3.16.208
CUS395;12.3.16.209
CUS396;12.3.16.210
CUS397;12.3.16.211
CUS398;12.3.16.212
CUS399;12.3.16.213
CUS400;12.3.16.214
CUS401;12.3.16.215
CUS402;12.3.16.216
CUS403;12.3.16.217
CUS404;12.3.16.218
CUS405;12.3.16.219
CUS406;12.3.16.220
CUS407;12.3.16.221
CUS408;12.3.16.222
CUS409;12.3.16.223
CUS410;12.3.16.224
CUS411;12.3.16.225
CUS412;12.3.16.226
CUS413;12.3.16.227
CUS414;12.3.16.228
CUS415;12.3.16.229
CUS416;12.3.16.230
CUS417;12.3.16.231
CUS418;12.3.16.232
CUS419;12.3.16.233
CUS420;12.3.16.234
CUS421;12.3.16.235
CUS422;12.3.16.236
CUS423;12.3.16.237
CUS424;12.3.16.238
CUS425;12.3.16.239
CUS426;12.3.17.2
CUS427;12.3.17.3
CUS428;12.3.17.4
CUS429;12.3.17.5
CUS430;12.3.17.6
CUS431;12.3.17.7
CUS432;12.3.17.8
CUS433;12.3.17.9
CUS434;12.3.17.10
CUS435;12.3.17.11
CUS436;12.3.17.12
CUS437;12.3.17.13
CUS438;12.3.17.14
CUS439;12.3.17.15
CUS440;12.3.17.16
CUS441;12.3.17.17
CUS442;12.3.17.18
CUS443;12.3.17.19
CUS444;12.3.17.20
CUS445;12.3.17.21
CUS446;12.3.17.22
CUS447;12.3.17.23
CUS448;12.3.17.24
CUS449;12.3.17.25
CUS450;12.3.17.26
CUS451;12.3.17.27
CUS452;12.3.17.28
CUS453;12.3.17.29
CUS454;12.3.17.30
CUS455;12.3.17.31
CUS456;12.3.17.32
CUS457;12.3.17.33
CUS458;12.3.17.34
CUS459;12.3.17.35
CUS460;12.3.17.36
CUS461;12.3.17.37
CUS462;12.3.17.38
CUS463;12.3.17.39
CUS464;12.3.17.40
CUS465;12.3.17.41
CUS466;12.3.17.42
CUS467;12.3.17.43
CUS468;12.3.17.44
CUS469;12.3.17.45
CUS470;12.3.17.46
CUS471;12.3.17.47
CUS472;12.3.17.48
CUS473;12.3.17.49
CUS474;12.3.17.50
CUS475;12.3.17.51
CUS476;12.3.17.52
CUS477;12.3.17.53
CUS478;12.3.17.54
CUS479;12.3.17.55
CUS480;12.3.17.56
CUS481;12.3.17.57
CUS482;12.3.17.58
CUS483;12.3.17.59
CUS484;12.3.17.60
CUS485;12.3.17.61
CUS486;12.3.17.62
CUS487;12.3.17.63
CUS488;12.3.17.64
CUS489;12.3.17.65
CUS490;12.3.17.66
CUS491;12.3.17.67
CUS492;12.3.17.68
CUS493;12.3.17.69
CUS494;12.3.17.70
CUS495;12.3.17.71
CUS496;12.3.17.72
CUS497;12.3.17.73
CUS498;12.3.17.74
CUS499;12.3.17.75
CUS500;12.3.17.76
CUS501;12.3.17.77
CUS502;12.3.17.78
CUS503;12.3.17.79
CUS504;12.3.17.80
CUS505;12.3.17.81
CUS506;12.3.17.82
CUS507;12.3.17.83
CUS508;12.3.17.84
CUS509;12.3.17.85
CUS510;12.3.17.86
CUS511;12.3.17.87
CUS512;12.3.17.88
CUS513;12.3.17.89
CUS514;12.3.17.90
CUS515;12.3.17.91
CUS516;12.3.17.92
CUS517;12.3.17.93
CUS518;12.3.17.94
CUS519;12.3.17.95
CUS520;12.3.17.96
CUS521;12.3.17.97
CUS522;12.3.17.98
CUS523;12.3.17.99
CUS524;12.3.17.100
CUS525;12.3.17.101
CUS526;12.3.17.102
CUS527;12.3.17.103
CUS528;12.3.17.104
CUS529;12.3.17.105
CUS530;12.3.17.106
CUS531;12.3.17.107
CUS532;12.3.17.108
CUS533;12.3.17.109
CUS534;12.3.17.110
CUS535;12.3.17.111
CUS536;12.3.17.112
CUS537;12.3.17.113
CUS538;12.3.17.114
CUS539;12.3.17.115
CUS540;12.3.17.116
CUS541;12.3.17.117
CUS542;12.3.17.118
CUS543;12.3.17.119
CUS544;12.3.17.120
CUS545;12.3.17.121
CUS546;12.3.17.122
CUS547;12.3.17.123
CUS548;12.3.17.124
CUS549;12.3.17.125
CUS550;12.3.17.126
CUS551;12.3.17.127
CUS552;12.3.17.128
CUS553;12.3.17.129
CUS554;12.3.17.130
CUS555;12.3.17.131
CUS556;12.3.17.132
CUS557;12.3.17.133
CUS558;12.3.17.134
CUS559;12.3.17.135
CUS560;12.3.17.136
CUS561;12.3.17.137
CUS562;12.3.17.138
CUS563;12.3.17.139
CUS564;12.3.17.140
CUS565;12.3.17.141
CUS566;12.3.17.142
CUS567;12.3.17.143
CUS568;12.3.17.144
CUS569;12.3.17.145
CUS570;12.3.17.146
CUS571;12.3.17.147
CUS572;12.3.17.148
CUS573;12.3.17.149
CUS574;12.3.17.150
CUS575;12.3.17.151
CUS576;12.3.17.152
CUS577;12.3.17.153
CUS578;12.3.17.154
CUS579;12.3.17.155
CUS580;12.3.17.156
CUS581;12.3.17.157
CUS582;12.3.17.158
CUS583;12.3.17.159
CUS584;12.3.17.160
CUS585;12.3.17.161
CUS586;12.3.17.162
CUS587;12.3.17.163
CUS588;12.3.17.164
CUS589;12.3.17.165
CUS590;12.3.17.166
CUS591;12.3.17.167
CUS592;12.3.17.168
CUS593;12.3.17.169
CUS594;12.3.17.170
CUS595;12.3.17.171
CUS596;12.3.17.172
CUS597;12.3.17.173
CUS598;12.3.17.174
CUS599;12.3.17.175
CUS600;12.3.17.176
CUS601;12.3.17.177
CUS602;12.3.17.178
CUS603;12.3.17.179
CUS604;12.3.17.180
CUS605;12.3.17.181
CUS606;12.3.17.182
CUS607;12.3.17.183
CUS608;12.3.17.184
CUS609;12.3.17.185
CUS610;12.3.17.186
CUS611;12.3.17.187
CUS612;12.3.17.188
CUS613;12.3.17.189
CUS614;12.3.17.190
CUS615;12.3.17.191
CUS616;12.3.17.192
CUS617;12.3.17.193
CUS618;12.3.17.194
CUS619;12.3.17.195
CUS620;12.3.17.196
CUS621;12.3.17.197
CUS622;12.3.17.198
CUS623;12.3.17.199
CUS624;12.3.17.200
CUS625;12.3.17.201
CUS626;12.3.17.202
CUS627;12.3.17.203
CUS628;12.3.17.204
CUS629;12.3.17.205
CUS630;12.3.17.206
CUS631;12.3.17.207
CUS632;12.3.17.208
CUS633;12.3.17.209
CUS634;12.3.17.210
CUS635;12.3.17.211
CUS636;12.3.17.212
CUS637;12.3.17.213
CUS638;12.3.17.214
CUS639;12.3.17.215
CUS640;12.3.17.216
CUS641;12.3.17.217
CUS642;12.3.17.218
CUS643;12.3.17.219
CUS644;12.3.17.220
CUS645;12.3.17.221
CUS646;12.3.17.222
CUS647;12.3.17.223
CUS648;12.3.17.224
CUS649;12.3.17.225
CUS650;12.3.17.226
CUS651;12.3.17.227
CUS652;12.3.17.228
CUS653;12.3.17.229
CUS654;12.3.17.230
CUS655;12.3.17.231
CUS656;12.3.17.232
CUS657;12.3.17.233
CUS658;12.3.17.234
CUS659;12.3.17.235
CUS660;12.3.17.236
CUS661;12.3.17.237
CUS662;12.3.17.238
CUS663;12.3.17.239
CUS664;12.3.17.240
CUS665;12.3.17.241
TRA001;33.3.1.1
TRA002;33.3.1.2
TRA003;33.3.1.3
TRA004;33.3.1.4
TRA005;33.3.1.5
TRA006;33.3.1.6
TRA007;33.3.1.7
TRA008;33.3.1.8
TRA009;33.3.1.9
TRA010;33.3.1.10
TRA011;33.3.1.11
TRA012;33.3.1.12
TRA013;33.3.1.13
TRA014;33.3.1.14
TRA015;33.3.1.15
TRA016;33.3.1.16
TRA017;33.3.1.17
TRA018;33.3.1.18
TRA019;33.3.1.19
TRA020;33.3.1.20
TRA021;33.3.1.21
TRA022;33.3.1.22
TRA023;33.3.1.23
TRA024;33.3.1.24
TRA025;33.3.1.25
TRA026;33.3.1.26
TRA027;33.3.1.27
TRA028;33.3.1.28
TRA029;33.3.1.29
TRA030;33.3.1.30
TRA031;33.3.1.31
TRA032;33.3.1.32
TRA033;33.3.1.33
TRA034;33.3.1.34
TRA035;33.3.1.35
TRA036;33.3.1.36
TRA037;33.3.1.37
TRA038;33.3.1.38
TRA039;33.3.1.39
TRA040;33.3.1.40
TRA041;33.3.1.41
TRA042;33.3.1.42
TRA043;33.3.1.43
TRA044;33.3.1.44
TRA045;33.3.1.45
TRA046;33.3.1.46
TRA047;33.3.1.47
TRA048;33.3.1.48
TRA049;33.3.1.49
TRA050;33.3.1.50
TRA051;33.3.1.51
TRA052;33.3.1.52
TRA053;33.3.1.53
TRA054;33.3.1.54
TRA055;33.3.1.55
TRA056;33.3.1.56
TRA057;33.3.1.57
TRA058;33.3.1.58
TRA059;33.3.1.59
TRA060;33.3.1.60
TRA061;33.3.1.61
TRA062;33.3.1.62
TRA063;33.3.1.63
TRA064;33.3.1.64
TRA065;33.3.1.65
TRA066;33.3.1.66
TRA067;33.3.1.67
TRA068;33.3.1.68
TRA069;33.3.1.69
TRA070;33.3.1.70
TRA071;33.3.1.71
TRA072;33.3.1.72
TRA073;33.3.1.73
TRA074;33.3.1.74
TRA075;33.3.1.75
TRA076;33.3.1.76
TRA077;33.3.1.77
TRA078;33.3.1.78
TRA079;33.3.1.79
TRA080;33.3.1.80
TRA081;33.3.1.81
TRA082;33.3.1.82
TRA083;33.3.1.83
TRA084;33.3.1.84
TRA085;33.3.1.85
TRA086;33.3.1.86
TRA087;33.3.1.87
TRA088;33.3.1.88
TRA089;33.3.1.89
TRA090;33.3.1.90
TRA091;33.3.1.91
TRA092;33.3.1.92
TRA093;33.3.1.93
TRA094;33.3.1.94
TRA095;33.3.1.95
TRA096;33.3.1.96
TRA097;33.3.1.97
TRA098;33.3.1.98
TRA099;33.3.1.99
TRA100;33.3.1.100
TRA101;33.3.1.101
TRA102;33.3.1.102
TRA103;33.3.1.103
TRA104;33.3.1.104
TRA105;33.3.1.105
TRA106;33.3.1.106
TRA107;33.3.1.107
TRA108;33.3.1.108
TRA109;33.3.1.109
TRA110;33.3.1.110
TRA111;33.3.1.111
TRA112;33.3.1.112
TRA113;33.3.1.113
TRA114;33.3.1.114
TRA115;33.3.1.115
TRA116;33.3.1.116
TRA117;33.3.1.117
TRA118;33.3.1.118
TRA119;33.3.1.119
TRA120;33.3.1.120
TRA121;33.3.1.121
TRA122;33.3.1.122
TRA123;33.3.1.123
TRA124;33.3.1.124
TRA125;33.3.1.125
TRA126;33.3.1.126
TRA127;33.3.1.127
TRA128;33.3.1.128
TRA129;33.3.1.129
TRA130;33.3.1.130
TRA131;33.3.1.131
TRA132;33.3.1.132
TRA133;33.3.1.133
TRA134;33.3.1.134
TRA135;33.3.1.135
TRA136;33.3.1.136
TRA137;33.3.1.137
TRA138;33.3.1.138
TRA139;33.3.1.139
TRA140;33.3.1.140
TRA141;33.3.1.141
TRA142;33.3.1.142
TRA143;33.3.1.143
TRA144;33.3.1.144
TRA145;33.3.1.145
TRA146;33.3.1.146
TRA147;33.3.1.147
TRA148;33.3.1.148
TRA149;33.3.1.149
TRA150;33.3.1.150
TRA151;33.3.1.151
TRA152;33.3.1.152
TRA153;33.3.1.153
TRA154;33.3.1.154
TRA155;33.3.1.155
TRA156;33.3.1.156
TRA157;33.3.1.157
TRA158;33.3.1.158
TRA159;33.3.1.159
TRA160;33.3.1.160
TRA161;33.3.1.161
TRA162;33.3.1.162
TRA163;33.3.1.163
TRA164;33.3.1.164
TRA165;33.3.1.165
TRA166;33.3.1.166
TRA167;33.3.1.167
TRA168;33.3.1.168
TRA169;33.3.1.169
TRA170;33.3.1.170
TRA171;33.3.1.171
TRA172;33.3.1.172
TRA173;33.3.1.173
TRA174;33.3.1.174
TRA175;33.3.1.175
TRA176;33.3.1.176
TRA177;33.3.1.177
TRA178;33.3.1.178
TRA179;33.3.1.179
TRA180;33.3.1.180
TRA181;33.3.1.181
TRA182;33.3.1.182
TRA183;33.3.1.183
TRA184;33.3.1.184
TRA185;33.3.1.185
TRA186;33.3.1.186
TRA187;33.3.1.187
TRA188;33.3.1.188
TRA189;33.3.1.189
TRA190;33.3.1.190
TRA191;33.3.1.191
TRA192;33.3.1.192
TRA193;33.3.1.193
TRA194;33.3.1.194
TRA195;33.3.1.195
TRA196;33.3.1.196
TRA197;33.3.1.197
TRA198;33.3.1.198
TRA199;33.3.1.199
TRA200;33.3.1.200
TRA201;33.3.1.201
TRA202;33.3.1.202
TRA203;33.3.1.203
TRA204;33.3.1.204
TRA205;33.3.1.205
TRA206;33.3.1.206
TRA207;33.3.1.207
TRA208;33.3.1.208
TRA209;33.3.1.209
TRA210;33.3.1.210
TRA211;33.3.1.211
TRA212;33.3.1.212
TRA213;33.3.1.213
TRA214;33.3.1.214
TRA215;33.3.1.215
TRA216;33.3.1.216
TRA217;33.3.1.217
TRA218;33.3.1.218
TRA219;33.3.1.219
TRA220;33.3.1.220
TRA221;33.3.1.221
TRA222;33.3.1.222
TRA223;33.3.1.223
TRA224;33.3.1.224
TRA225;33.3.1.225
TRA226;33.3.1.226
TRA227;33.3.1.227
TRA228;33.3.1.228
TRA229;33.3.1.229
TRA230;33.3.1.230
TRA231;33.3.1.231
TRA232;33.3.1.232
TRA233;33.3.1.233
TRA234;33.3.1.234
TRA235;33.3.1.235
TRA236;33.3.1.236
TRA237;33.3.1.237
TRA238;33.3.1.238
TRA239;33.3.1.239
TRA240;33.3.1.240
TRA241;33.3.1.241
TRA242;33.3.1.242
TRA243;33.3.1.243
TRA244;33.3.1.244
TRA245;33.3.1.245
TRA246;33.3.1.246
TRA247;33.3.1.247
TRA248;33.3.1.248
TRA249;33.3.1.249
TRA250;33.3.1.250
TRA251;33.3.1.251
TRA252;33.3.2.1
TRA253;33.3.2.2
TRA254;33.3.2.3
TRA255;33.3.2.4
TRA256;33.3.2.5
TRA257;33.3.2.6
TRA258;33.3.2.7
TRA259;33.3.2.8
TRA260;33.3.2.9
TRA261;33.3.2.10
TRA262;33.3.2.11
TRA263;33.3.2.12
TRA264;33.3.2.13
TRA265;33.3.2.14
TRA266;33.3.2.15
TRA267;33.3.2.16
TRA268;33.3.2.17
TRA269;33.3.2.18
TRA270;33.3.2.19
TRA271;33.3.2.20
TRA272;33.3.2.21
TRA273;33.3.2.22
TRA274;33.3.2.23
TRA275;33.3.2.24
TRA276;33.3.2.25
TRA277;33.3.2.26
TRA278;33.3.2.27
TRA279;33.3.2.28
TRA280;33.3.2.29
TRA281;33.3.2.30
TRA282;33.3.2.31
TRA283;33.3.2.32
TRA284;33.3.2.33
TRA285;33.3.2.34
TRA286;33.3.2.35
TRA287;33.3.2.36
TRA288;33.3.2.37
TRA289;33.3.2.38
TRA290;33.3.2.39
TRA291;33.3.2.40
TRA292;33.3.2.41
TRA293;33.3.2.42
TRA294;33.3.2.43
TRA295;33.3.2.44
TRA296;33.3.2.45
TRA297;33.3.2.46
TRA298;33.3.2.47
TRA299;33.3.2.48
TRA300;33.3.2.49
TRA301;33.3.2.50
TRA302;33.3.2.51
TRA303;33.3.2.52
TRA304;33.3.2.53
TRA305;33.3.2.54
TRA306;33.3.2.55
TRA307;33.3.2.56
TRA308;33.3.2.57
TRA309;33.3.2.58
TRA310;33.3.2.59
TRA311;33.3.2.60
TRA312;33.3.2.61
TRA313;33.3.2.62
TRA314;33.3.2.63
TRA315;33.3.2.64
TRA316;33.3.2.65
TRA317;33.3.2.66
TRA318;33.3.2.67
TRA319;33.3.2.68
TRA320;33.3.2.69
TRA321;33.3.2.70
TRA322;33.3.2.71
TRA323;33.3.2.72
TRA324;33.3.2.73
TRA325;33.3.2.74
TRA326;33.3.2.75
TRA327;33.3.2.76
TRA328;33.3.2.77
TRA329;33.3.2.78
TRA330;33.3.2.79
TRA331;33.3.2.80
TRA332;33.3.2.81
TRA333;33.3.2.82
TRA334;33.3.2.83
TRA335;33.3.2.84
TRA336;33.3.2.85
TRA337;33.3.2.86
TRA338;33.3.2.87
TRA339;33.3.2.88
TRA340;33.3.2.89
TRA341;33.3.2.90
TRA342;33.3.2.91
TRA343;33.3.2.92
TRA344;33.3.2.93
TRA345;33.3.2.94
TRA346;33.3.2.95
TRA347;33.3.2.96
TRA348;33.3.2.97
TRA349;33.3.2.98
TRA350;33.3.2.99
TRA351;33.3.2.100
TRA352;33.3.2.101
TRA353;33.3.2.102
TRA354;33.3.2.103
TRA355;33.3.2.104
TRA356;33.3.2.105
TRA357;33.3.2.106
TRA358;33.3.2.107
TRA359;33.3.2.108
TRA360;33.3.2.109
TRA361;33.3.2.110
TRA362;33.3.2.111
TRA363;33.3.2.112
TRA364;33.3.2.113
TRA365;33.3.2.114
TRA366;33.3.2.115
TRA367;33.3.2.116
TRA368;33.3.2.117
TRA369;33.3.2.118
TRA370;33.3.2.119
TRA371;33.3.2.120
TRA372;33.3.2.121
TRA373;33.3.2.122
TRA374;33.3.2.123
TRA375;33.3.2.124
TRA376;33.3.2.125
TRA377;33.3.2.126
TRA378;33.3.2.127
TRA379;33.3.2.128
TRA380;33.3.2.129
TRA381;33.3.2.130
TRA382;33.3.2.131
TRA383;33.3.2.132
TRA384;33.3.2.133
TRA385;33.3.2.134
TRA386;33.3.2.135
TRA387;33.3.2.136
TRA388;33.3.2.137
TRA389;33.3.2.138
TRA390;33.3.2.139
TRA391;33.3.2.140
TRA392;33.3.2.141
TRA393;33.3.2.142
TRA394;33.3.2.143
TRA395;33.3.2.144
TRA396;33.3.2.145
TRA397;33.3.2.146
TRA398;33.3.2.147
TRA399;33.3.2.148
TRA400;33.3.2.149
TRA401;33.3.2.150
TRA402;33.3.2.151
TRA403;33.3.2.152
TRA404;33.3.2.153
TRA405;33.3.2.154
TRA406;33.3.2.155
TRA407;33.3.2.156
TRA408;33.3.2.157
TRA409;33.3.2.158
TRA410;33.3.2.159
TRA411;33.3.2.160
TRA412;33.3.2.161
TRA413;33.3.2.162
TRA414;33.3.2.163
TRA415;33.3.2.164
TRA416;33.3.2.165
TRA417;33.3.2.166
TRA418;33.3.2.167
TRA419;33.3.2.168
TRA420;33.3.2.169
TRA421;33.3.2.170
TRA422;33.3.2.171
TRA423;33.3.2.172
TRA424;33.3.2.173
TRA425;33.3.2.174
TRA426;33.3.2.175
TRA427;33.3.2.176
TRA428;33.3.2.177
TRA429;33.3.2.178
TRA430;33.3.2.179
TRA431;33.3.2.180
TRA432;33.3.2.181
TRA433;33.3.2.182
TRA434;33.3.2.183
TRA435;33.3.2.184
TRA436;33.3.2.185
TRA437;33.3.2.186
TRA438;33.3.2.187
TRA439;33.3.2.188
TRA440;33.3.2.189
TRA441;33.3.2.190
TRA442;33.3.2.191
TRA443;33.3.2.192
TRA444;33.3.2.193
TRA445;33.3.2.194
TRA446;33.3.2.195
TRA447;33.3.2.196
TRA448;33.3.2.197
TRA449;33.3.2.198
TRA450;33.3.2.199
TRA451;33.3.2.200
TRA452;33.3.2.201
TRA453;33.3.2.202
TRA454;33.3.2.203
TRA455;33.3.2.204
TRA456;33.3.2.205
TRA457;33.3.2.206
TRA458;33.3.2.207
TRA459;33.3.2.208
TRA460;33.3.2.209
TRA461;33.3.2.210
TRA462;33.3.2.211
TRA463;33.3.2.212
TRA464;33.3.2.213
TRA465;33.3.2.214
TRA466;33.3.2.215
TRA467;33.3.2.216
TRA468;33.3.2.217
TRA469;33.3.2.218
TRA470;33.3.2.219
TRA471;33.3.2.220
TRA472;33.3.2.221
TRA473;33.3.2.222
TRA474;33.3.2.223
TRA475;33.3.2.224
TRA476;33.3.2.225
TRA477;33.3.2.226
TRA478;33.3.2.227
TRA479;33.3.2.228
TRA480;33.3.2.229
TRA481;33.3.2.230
TRA482;33.3.2.231
TRA483;33.3.2.232
TRA484;33.3.2.233
TRA485;33.3.2.234
TRA486;33.3.2.235
TRA487;33.3.2.236
TRA488;33.3.2.237
TRA489;33.3.2.238
TRA490;33.3.2.239
TRA491;33.3.2.240
TRA492;33.3.2.241
TRA493;33.3.2.242
TRA494;33.3.2.243
TRA495;33.3.2.244
TRA496;33.3.2.245
TRA497;33.3.2.246
TRA498;33.3.2.247
TRA499;33.3.2.248
TRA500;33.3.2.249
TRA501;33.3.2.250
TRA502;33.3.2.251
RRA001;33.3.3.1
RRA002;33.3.3.2
RRA003;33.3.3.3
RRA004;33.3.3.4
RRA005;33.3.3.5
RRA006;33.3.3.6
RRA007;33.3.3.7
RRA008;33.3.3.8
RRA009;33.3.3.9
RRA010;33.3.3.10
RRA011;33.3.3.11
RRA012;33.3.3.12
RRA013;33.3.3.13
RRA014;33.3.3.14
RRA015;33.3.3.15
RRA016;33.3.3.16
RRA017;33.3.3.17
RRA018;33.3.3.18
RRA019;33.3.3.19
RRA020;33.3.3.20
RRA021;33.3.3.21
RRA022;33.3.3.22
RRA023;33.3.3.23
RRA024;33.3.3.24
RRA025;33.3.3.25
RRA026;33.3.3.26
RRA027;33.3.3.27
RRA028;33.3.3.28
RRA029;33.3.3.29
RRA030;33.3.3.30
RRA031;33.3.3.31
RRA032;33.3.3.32
RRA033;33.3.3.33
RRA034;33.3.3.34
RRA035;33.3.3.35
RRA036;33.3.3.36
RRA037;33.3.3.37
RRA038;33.3.3.38
RRA039;33.3.3.39
RRA040;33.3.3.40
RRA041;33.3.3.41
RRA042;33.3.3.42
RRA043;33.3.3.43
RRA044;33.3.3.44
RRA045;33.3.3.45
RRA046;33.3.3.46
RRA047;33.3.3.47
RRA048;33.3.3.48
RRA049;33.3.3.49
RRA050;33.3.3.50
RRA051;33.3.3.51
RRA052;33.3.3.52
RRA053;33.3.3.53
RRA054;33.3.3.54
RRA055;33.3.3.55
RRA056;33.3.3.56
RRA057;33.3.3.57
RRA058;33.3.3.58
RRA059;33.3.3.59
RRA060;33.3.3.60
RRA061;33.3.3.61
RRA062;33.3.3.62
RRA063;33.3.3.63
RRA064;33.3.3.64
RRA065;33.3.3.65
RRA066;33.3.3.66
RRA067;33.3.3.67
RRA068;33.3.3.68
RRA069;33.3.3.69
RRA070;33.3.3.70
RRA071;33.3.3.71
RRA072;33.3.3.72
RRA073;33.3.3.73
RRA074;33.3.3.74
RRA075;33.3.3.75
RRA076;33.3.3.76
RRA077;33.3.3.77
RRA078;33.3.3.78
RRA079;33.3.3.79
RRA080;33.3.3.80
RRA081;33.3.3.81
RRA082;33.3.3.82
RRA083;33.3.3.83
RRA084;33.3.3.84
RRA085;33.3.3.85
RRA086;33.3.3.86
RRA087;33.3.3.87
RRA088;33.3.3.88
RRA089;33.3.3.89
RRA090;33.3.3.90
RRA091;33.3.3.91
RRA092;33.3.3.92
RRA093;33.3.3.93
RRA094;33.3.3.94
RRA095;33.3.3.95
RRA096;33.3.3.96
RRA097;33.3.3.97
RRA098;33.3.3.98
RRA099;33.3.3.99
RRA100;33.3.3.100
RRA101;33.3.3.101
RRA102;33.3.3.102
RRA103;33.3.3.103
RRA104;33.3.3.104
RRA105;33.3.3.105
RRA106;33.3.3.106
RRA107;33.3.3.107
RRA108;33.3.3.108
RRA109;33.3.3.109
RRA110;33.3.3.110
RRA111;33.3.3.111
RRA112;33.3.3.112
RRA113;33.3.3.113
RRA114;33.3.3.114
RRA115;33.3.3.115
RRA116;33.3.3.116
RRA117;33.3.3.117
RRA118;33.3.3.118
RRA119;33.3.3.119
RRA120;33.3.3.120
RRA121;33.3.3.121
RRA122;33.3.3.122
RRA123;33.3.3.123
RRA124;33.3.3.124
RRA125;33.3.3.125
RRA126;33.3.3.126
RRA127;33.3.3.127
RRA128;33.3.3.128
RRA129;33.3.3.129
RRA130;33.3.3.130
RRA131;33.3.3.131
RRA132;33.3.3.132
RRA133;33.3.3.133
RRA134;33.3.3.134
RRA135;33.3.3.135
RRA136;33.3.3.136
RRA137;33.3.3.137
RRA138;33.3.3.138
RRA139;33.3.3.139
RRA140;33.3.3.140
RRA141;33.3.3.141
RRA142;33.3.3.142
RRA143;33.3.3.143
RRA144;33.3.3.144
RRA145;33.3.3.145
RRA146;33.3.3.146
RRA147;33.3.3.147
RRA148;33.3.3.148
RRA149;33.3.3.149
RRA150;33.3.3.150
RRA151;33.3.3.151
RRA152;33.3.3.152
RRA153;33.3.3.153
RRA154;33.3.3.154
RRA155;33.3.3.155
RRA156;33.3.3.156
RRA157;33.3.3.157
RRA158;33.3.3.158
RRA159;33.3.3.159
RRA160;33.3.3.160
RRA161;33.3.3.161
RRA162;33.3.3.162
RRA163;33.3.3.163
RRA164;33.3.3.164
RRA165;33.3.3.165
RRA166;33.3.3.166
RRA167;33.3.3.167
RRA168;33.3.3.168
RRA169;33.3.3.169
RRA170;33.3.3.170
RRA171;33.3.3.171
RRA172;33.3.3.172
RRA173;33.3.3.173
RRA174;33.3.3.174
RRA175;33.3.3.175
RRA176;33.3.3.176
RRA177;33.3.3.177
RRA178;33.3.3.178
RRA179;33.3.3.179
RRA180;33.3.3.180
RRA181;33.3.3.181
RRA182;33.3.3.182
RRA183;33.3.3.183
RRA184;33.3.3.184
RRA185;33.3.3.185
RRA186;33.3.3.186
RRA187;33.3.3.256
RRA188;33.3.3.188
RRA189;33.3.3.189
RRA190;33.3.3.190
RRA191;33.3.3.191
RRA192;33.3.3.192
RRA193;33.3.3.193
RRA194;33.3.3.194
RRA195;33.3.3.195
RRA196;33.3.3.196
RRA197;33.3.3.197
RRA198;33.3.3.198
RRA199;33.3.3.199
RRA200;33.3.3.200
RRA201;33.3.3.201
RRA202;33.3.3.202
RRA203;33.3.3.203
RRA204;33.3.3.204
RRA205;33.3.3.205
RRA206;33.3.3.206
RRA207;33.3.3.207
RRA208;33.3.3.208
RRA209;33.3.3.209
RRA210;33.3.3.210
RRA211;33.3.3.211
RRA212;33.3.3.212
RRA213;33.3.3.213
RRA214;33.3.3.214
RRA215;33.3.3.215
RRA216;33.3.3.216
RRA217;33.3.3.217
RRA218;33.3.3.218
RRA219;33.3.3.219
RRA220;33.3.3.220
RRA221;33.3.3.221
RRA222;33.3.3.222
RRA223;33.3.3.223
RRA224;33.3.3.224
RRA225;33.3.3.225
RRA226;33.3.3.226
RRA227;33.3.3.227
RRA228;33.3.3.228
RRA229;33.3.3.229
RRA230;33.3.3.230
RRA231;33.3.3.231
RRA232;33.3.3.232
RRA233;33.3.3.233
RRA234;33.3.3.234
RRA235;33.3.3.235
RRA236;33.3.3.236
RRA237;33.3.3.237
RRA238;33.3.3.238
RRA239;33.3.3.239
RRA240;33.3.3.240
RRA241;33.3.3.255
RRA242;33.3.3.242
RRA243;33.3.3.243
RRA244;33.3.3.244
RRA245;33.3.3.245
RRA246fsdggdg;33.3.3.246
